{"cameraMode":{"drawMode":0,"name":"Shaded","section":"Shading Mode"},"sceneLighting":true,"audioPlay":false,"sceneViewState":{"showFog":true,"showMaterialUpdate":false,"showSkybox":true,"showFlares":true,"showImageEffects":true,"showParticleSystems":true},"in2DMode":false,"pivot":{"x":0.07402083277702332,"y":0.013235092163085938,"z":-4.690000534057617},"rotation":{"x":0.22421357035636903,"y":0.501083254814148,"z":-0.1362355351448059,"w":0.8246716260910034},"size":0.36742347478866579,"orthographic":false}